{"train_loss":289.23468,"_runtime":485.34972111,"_step":64,"train_similarity":0.43508843,"train_mse_loss":289.2347,"global_step":649,"epoch":0,"train_cosine_loss":0.56491154,"_wandb":{"runtime":489},"_timestamp":1.7345434920075445e+09}