{"train_similarity":0.42597508,"global_step":549,"epoch":0,"_wandb":{"runtime":412},"train_loss":293.90076,"train_mse_loss":293.90076,"train_cosine_loss":0.5740249,"_timestamp":1.7345429633027906e+09,"_runtime":408.137895469,"_step":54}