{"global_step":49,"train_frequency_loss":203.37126,"_step":4,"train_spatial_loss":259.7048,"train_cosine_similarity":0.15460685,"epoch":0,"_runtime":73.045510939,"train_loss":463.07608,"_wandb":{"runtime":94},"_timestamp":1.736608553719684e+09}