{"_wandb":{"runtime":188},"train_mse_loss":1,"_runtime":166.514443333,"_step":19,"global_step":199,"epoch":0,"train_cosine_loss":1,"_timestamp":1.7352473213203733e+09,"train_loss":0.6725627,"train_similarity":-0.0003046305}