{"global_step":349,"train_cosine_loss":1.003975,"train_mse_loss":1,"_wandb":{"runtime":303},"train_loss":853.6663,"_step":34,"_runtime":301.061340903,"epoch":0,"_timestamp":1.7352530102570899e+09,"train_similarity":-0.0039750026}