{"_timestamp":1.7355789756755202e+09,"_wandb":{"runtime":1613},"train_loss":19.975128,"global_step":1799,"_step":179,"train_cosine_loss":0.41810426,"epoch":0,"train_similarity":1,"_runtime":1580.485504254,"train_mse_loss":1}