{"train_mse_loss":270.22864,"_wandb":{"runtime":178},"_runtime":171.56539736,"train_similarity":0.4722097,"global_step":199,"train_cosine_loss":0.52779025,"_timestamp":1.7347675185078464e+09,"epoch":0,"_step":19,"train_loss":270.22864}