{"epoch":0,"_wandb":{"runtime":459},"_step":59,"train_similarity":-0.0024228217,"_runtime":446.816168425,"train_mse_loss":1,"train_loss":0.67549896,"train_cosine_loss":1,"global_step":599,"_timestamp":1.7352471074993298e+09}