{"epoch":0,"val_loss":0.6685737,"_wandb":{"runtime":1315},"_step":74,"train_loss":0.66887486,"global_step":1829,"_timestamp":1.7365098632185726e+09,"_runtime":1315.928505221}