{"_timestamp":1.7366084342763028e+09,"epoch":0,"_runtime":486.599031499,"global_step":549,"train_loss":420.5067,"_step":54,"train_spatial_loss":229.4727,"train_frequency_loss":191.034,"train_cosine_similarity":0.25301856,"_wandb":{"runtime":504}}