{"_runtime":758.071336657,"_timestamp":1.734542110673448e+09,"train_loss":281.44797,"train_mse_loss":281.448,"train_cosine_loss":0.54970306,"hp_metric":-1,"epoch":0,"_wandb":{"runtime":770},"train_similarity":0.4502969,"global_step":1049,"_step":106}