{"_runtime":544.896973264,"_timestamp":1.734765864265304e+09,"_wandb":{"runtime":554},"train_loss":276.2981,"_step":74,"train_similarity":0.46035528,"global_step":749,"train_mse_loss":276.2981,"train_cosine_loss":0.5396447,"epoch":0}