{"train_frequency_loss":31.135414,"val_cosine_similarity":0.78378594,"_step":6767,"val_frequency_loss":31.455837,"global_step":54899,"val_loss_ScaleKD":66.88034,"train_loss_ScaleKD":65.74669,"_wandb":{"runtime":86725},"train_spatial_loss":34.611275,"val_loss":66.88034,"_timestamp":1.7367074187738533e+09,"train_cosine_similarity":0.78874964,"epoch":29,"train_loss":65.74669,"val_spatial_loss":35.424507,"_runtime":86720.749334839}