{"global_step":99,"train_loss":308.279,"_step":9,"train_mse_loss":308.279,"_wandb":{"runtime":137},"epoch":0,"train_cosine_loss":0.6021074,"train_similarity":0.39789256,"_timestamp":1.734542249848222e+09,"_runtime":103.585195237}