{"train_loss":0.67460763,"epoch":0,"train_mse_loss":1,"train_similarity":-0.00021677482,"_wandb":{"runtime":160},"_runtime":135.432824784,"_step":14,"train_cosine_loss":1,"global_step":149,"_timestamp":1.735246251520724e+09}