{"global_step":349,"_timestamp":1.7366126315995986e+09,"_runtime":278.551827188,"_step":13,"epoch":0,"_wandb":{"runtime":308},"train_loss":0.6702484}