{"epoch":29,"val_loss":0.66531986,"_wandb":{"runtime":38933},"_step":2255,"train_loss":0.6656381,"global_step":54899,"_timestamp":1.7365523770076864e+09,"_runtime":38923.640601192}