{"epoch":9,"val_cosine_similarity":0.71015775,"val_loss_ScaleKD":22.65714,"train_loss_ScaleKD":22.724228,"train_spatial_loss":11.91922,"train_cosine_similarity":0.70900345,"global_step":17549,"train_frequency_loss":10.805006,"train_loss":22.724228,"val_loss":22.65714,"val_frequency_loss":10.785202,"_step":2159,"_runtime":6311.278986546,"_wandb":{"runtime":6315},"_timestamp":1.736619786117471e+09,"val_spatial_loss":11.871937}